id,name,nameEn,unit,cv,mv,text,role,attr,rarity,skills,hp,mp,pAtk,mAtk,hMag,pDef,mDef,acc,eva,crit,agi,usName,usAttr,usDescription,usCharacteristic,usEvoCond1,usEvoCond2
"1","五代サナ","GODAI SANA","5","伊駒ゆりえ","https://www.youtube.com/watch?v=nKt6B-JAfyI","第五部隊のリーダー。<br>何者でもない自分を変えて特別な何かになりたい、という理由でドールになった。<br>特別に憧れており、平凡を脱却するために突飛な行動を取ることがあるが、<br>その本質は友達思いで、みんなが暮らす世界を守りたいと考えている。<br>突然リーダーを務めることになってしまい、個性の強い同部隊の隊員たちをまとめることに難儀する一人の少女。","ストライカー","火","4S,3S","火炎旋風,メガ・エクスプロージョン,ボルカノン,業火・煉獄爆炎衝,神岩・玄武六方晶,デブリスフロー・エッジ,震動一閃,ハードスラッシュ,パワーバッシュ,粉砕の刃,テンションアップ,HPアップ,与ダメージアップ,物攻アップ,火属性攻撃力アップ,被ダメージダウン,物防アップ,火属性耐性アップ,風属性耐性アップ",872,10000,919,68,69,791,651,721,701,357,461,"春一番に夢乗せて","無","斬り上げからの2段攻撃を行い、無属性ダメージを与える。相手をノックバックさせる。","HPダメージ,ノックバック","ドールのレアリティが★5以上であること,パーティに城戸ヒカリが★4以上で参加している","ドールのレアリティが★6以上であること,パーティに城戸ヒカリが★4以上で参加している,装備「裂塵斧クティノス」を★5以上で装備している"
"2","城戸ヒカリ","KIDO HIKARI","5","荻野葉月","https://www.youtube.com/watch?v=I56rHuVhyAY","気弱で真面目、ルールを守る優等生。怖がりで、特におばけが苦手。<br>両親が事業失敗で多額の借金を背負っており、一家は離散状態。<br>アルバイトだけでは借金が返せないため、ドールになってお金を稼ぐことを決意した。<br>ドールになる際、サナが「友達を一人にしておけない」と言って一緒に組織に入ってくれたので恩義を感じている。","メディック","風","4,3,2,1","ウインドブラスト,眠りのそよ風,ジェットストーム,スパイラル・ブーメラン,エナジーバレット,リカバリーアップ,ホークアイ,オーバーソイル,ヒール,セレスティアル・ヒール,キュアバリア,HPアップ,スキル範囲拡大,回魔アップ,風属性攻撃力アップ,回避アップ,悪性状態異常耐性アップ,風属性耐性アップ,土属性耐性アップ",707,10000,132,255,577,618,651,805,577,163,529,"わたしが灯す光","無","エネルギー弾を射出し、無属性ダメージを与える。発動方向指定可能。","方向指定,HPダメージ","ドールのレアリティが★5以上であること,パーティに津上アヤカが★4以上で参加している","ドールのレアリティが★6以上である,パーティに津上アヤカが★4以上で参加している,装備「癒精杖ブエル」を★5以上で装備している"
"3","日高メイ","HIDAKA MEI","5","鬼頭明里","https://www.youtube.com/watch?v=uROy_E0uLHE","常におっとりとしていてマイペース。自由奔放なムードメイカー。<br>プロゲーマー級の腕前を誇るが、彼女自身はあくまでもエンジョイ勢だと思っている。<br>物事の構造を見抜くのに長けており、そのせいか核心を突くようなことをオブラートに包まず言ってしまう。<br>裏表のない性格から、よく悩みを相談されるなどドール達の間で一目置かれる存在だが、<br>その反面、図星を突きすぎて反発されることもしばしば。<br>部隊の垣根を超えたゲーマー仲間も多い。","エンチャンター","土","4,3,2,1","グングニル・グラベル,ギャラクシーインパクト,スタックマッド,絶対零度,アイスニードル,フローズン・ノヴァ,エナジーバレット,ソウル・ブレイズアップ,ホークアイ,オーバーソイル,ストーンウォール,MPアップ,魔攻アップ,土属性攻撃力アップ,被ダメージダウン,魔防アップ,土属性耐性アップ,雷属性耐性アップ",543,10000,65,656,64,479,751,1043,546,471,699,"ハレのちロック","土","土の弾丸を射出し、土属性ダメージを与える。相手をノックバックさせる。発動方向指定可能。","HPダメージ,方向指定,ノックバック","ドールのレアリティが★5以上であること,パーティに五代サナが★4以上で参加している","ドールのレアリティが★6以上であること,パーティに五代サナが★4以上で参加している,装備「迅吟杖ダンタリオン」を★5以上で装備している"
"4","津上アヤカ","TSUGAMI AYAKA","5","竹達彩奈","https://www.youtube.com/watch?v=rwy_9-lksTk","ドールであった姉が行方不明になり、姉を探すために自分もドールになった。<br>やや怒りっぽい性格だが、優しさや面倒見の良さも垣間見える。<br>夢見がちなサナとはよく衝突するが、時にブレーキ役としてチームをコントロールすることもある。<br>ダンスが得意であり、隊員たちにダンスを教えることもある。","ストライカー","雷","4,3,2,1","火炎旋風,烈火扇撃,ボルカノン,業火・煉獄爆炎衝,雷撃連舞,ジュピタープレス,稲妻落とし,金剛・龍旋雷牙,ハードスラッシュ,粉砕の刃,精神統一,HPアップ,与ダメージアップ,物攻アップ,会心アップ,雷属性攻撃力アップ,物防アップ,雷属性耐性アップ,水属性耐性アップ",727,10000,814,66,66,676,620,651,644,322,408,"電光ブザービーター","雷","槍を大きく振り落雷を発生させ、範囲雷属性ダメージを与える。確率で感電を付与する。","HPダメージ,状態異常付与,範囲","ドールのレアリティが★5以上であること,パーティに日高メイが★4以上で参加している","ドールのレアリティが★6以上である,パーティに日高メイが★4以上で参加している,装備「断凱斧ザガン」を★5以上で装備している"
"5","剣崎ナナミ","KENZAKI NANAMI","5","阿保まりあ","https://www.youtube.com/watch?v=MsTu_tiJktM","外見はクールな絶世の美少女。<br>だが、その中身はちょっとズレている天然系。<br>意外とノリがよく、表情一つ変えずにメイやリノアの突飛な行動に付き合うことも多い。<br>その外見から勘違いされやすく、ドール部隊員になる前は友達を作ることができなかった。<br>そのため、普通に接してくれる部隊の皆の事が大好きで、<br>部隊のみんなのためならば自己犠牲も厭わない、熱いものを秘めている。","ミスティック","水","4S,3S","ウインドブラスト,眠りのそよ風,トルネード,サンダーブレイド,アイスニードル,ウォーターピラー,フリーズ・クロス,氷霜の妖精召喚,フローズン・ノヴァ,エナジーバレット,ソウル・ブレイズアップ,MPアップ,MP消費ダウン,魔攻アップ,命中アップ,水属性攻撃力アップ,魔防アップ,火属性耐性アップ,水属性耐性アップ",597,10000,76,1003,74,489,1009,716,612,413,573,"ブルーストリーム・ソナタ","","水の衝撃を発生させ、範囲水属性ダメージを与える。相手を少しノックバックさせる。発動位置指定可能。","HPダメージ,範囲,ノックバック,方向指定","ドールのレアリティが★5以上であること,サポートドールに上城アオイが★4以上で参加している","ドールのレアリティが★6以上であること,サポートドールに上城アオイが★4以上で参加している,装備「禁詠杖ウロボロス」を★5以上で装備している"
"6","天道リノア","TENDO RINOA","5","阿澄巳佳奈","https://www.youtube.com/watch?v=ZKIXitIj94s","何でもそつなくこなす天才肌。一見すると明るくハイテンションで、自信家に見える。<br>話をかき回し、ややこしくするトラブルメーカー。<br>だがそれは自身のことを、特筆すべきことのない器用貧乏のつまらない人間だと思っていることの裏返しであり、意識してそうに振舞っている面がある。<br>自分が夢中になれることをずっと探しており、非現実的な体験ができそうな組織に入った。","ブースター","雷","4SS","メガ・エクスプロージョン,ボルカノン,雷撃連舞,ジュピタープレス,稲妻落とし,轟雷・神鳴環,ハードスラッシュ,テンションアップ,精神統一,グランドシールド,パワーミスト,MPアップ,スキル範囲拡大,物攻アップ,会心アップ,雷属性攻撃力アップ,雷属性耐性アップ,水属性耐性アップ",827,10000,857,41,41,739,630,1355,714,649,841,"マリオネットドリーム","雷","2回連続で薙ぎ払い攻撃を行い、範囲雷属性ダメージを与える。","HPダメージ,範囲","ドールのレアリティが★4以上であること,サポートドールに浅倉モモカが★4以上で参加している","ドールのレアリティが★5以上であること,サポートドールに浅倉モモカが★4以上で参加している,装備「奪命槍プレデターランス」を★5以上で装備している"
"7","葦原ミコ","ASHIHARA MIKO","6","斉藤朱夏","https://www.youtube.com/watch?v=OqPHAFpE7c4","第六部隊のリーダー。機械いじりとハッキングが得意。<br>争いと面倒ごとを嫌う性格で事なかれ主義。基本的に上から命令されたことに従う。<br>第六部隊の隊員たちへの指示はほぼリオンに一任しているが、手柄を立てたい隊員達のために依頼を集める、何かトラブルが起きればその責任は必ず自分がとるようにする、などリーダーとしての役割は全うしている。<br>第六部隊の面々を後方で見守っている。","ミスティック","雷","4S,3S","ファイアアロー,バーナーウォール,メテオストーム,ライトニング・ジェミニ,サンダーレイン,ナルカミ,サンダーブレイド,雷神・トールハンマー,フリーズ・クロス,エナジーバレット,ホークアイ,MPアップ,魔攻アップ,会心アップ,雷属性攻撃力アップ,魔防アップ,雷属性耐性アップ,水属性耐性アップ",628,10000,74,959,70,475,1084,719,647,416,598,"クラッキング・プラスト","無","指定範囲にエネルギー弾を飛ばし強力な爆発を発生させ、相手に範囲無属性ダメージを与える。相手にHP回復量が低下する効果を付与する。発動位置指定可能。","HPダメージ,範囲,方向指定","ドールのレアリティが★5以上であること,パーティにレン・ルォシーが★4以上で参加している","ドールのレアリティが★6以上であること,パーティにレン・ルォシーが★4以上で参加している,装備「禁詠杖ウロボロス」を★5以上で装備している"
"8","海東リオン","KAITO RION","6","古賀英里奈","https://www.youtube.com/watch?v=m2NTphW0JjE","勝気な性格で、何でも一番にならないと気が済まない。<br>戦いの適性は高いが、たまに目の前のことに集中しすぎてしまうこともある。<br>リーダーのミコは皆を後ろから見ているタイプなので、平時はリオンが第六部隊のメンバーを引っ張っている。<br>その持ち前の勝気さ、割り切りの良さから、メンバー内での信頼は厚い。<br>好きなものは剣道。難病を患った妹がおり、その治療費と根本的な治療法をゲート由来の技術に求めてドールになった。","ガーディアン","風","4S,3S","かまいたち,風雅・穿孔飛燕翔,エアリアル・スピアー,アイアンクラッシュ,パワーバッシュ,粉砕の刃,鬼さんこちら,広域展開,仁王立ち,こっちこっち,剛盾・絶対障壁,HPアップ,風属性攻撃力アップ,被ダメージダウン,物防アップ,魔防アップ,風属性耐性アップ,土属性耐性アップ,ヘイトアップ",1457,10000,378,77,75,1260,1178,718,1259,196,329,"お前も赤に染まれ","無","薙ぎ払い攻撃を行い、範囲無属性ダメージを与える。ヘイトを上昇させる。","HPダメージ,範囲,特殊","ドールのレアリティが★5以上であること,パーティに秋月ホタルが★4以上で参加している","ドールのレアリティが★6以上であること,パーティに秋月ホタルが★4以上で参加している,装備「屠龍剣ブネ」を★5以上で装備している"
"9","上城アオイ","KAMIJO AOI","6","後藤彩佐","https://www.youtube.com/watch?v=NdPQCQZlR4c","実家は古くから続く財閥の家系で、政財界に強い発言力を持っていたが、大崩壊を期に没落の一途を辿っている。<br>没落した実家の再興を目的にドール部隊に参加。復興に貢献、家の発言力を増すことを企図して送り込まれている。<br>基本的に従順で大人しい深窓の令嬢だが、両親、親族からは活躍を期待されプレッシャーをかけられている。<br>同じく家名を背負ってドール部隊に参加しているモモカには憧れと妬みの入り混じった複雑な感情を抱いている。","ミスティック","風","4,3,2,1","ウインドブラスト,眠りのそよ風,トルネード,ジェットストーム,スパイラル・ブーメラン,サイクロン・マグネティカ,サンダーレイン,サンダーブレイド,雷神・トールハンマー,エナジーバレット,ソウル・ブレイズアップ,MPアップ,魔攻アップ,風属性攻撃力アップ,魔防アップ,回避アップ,風属性耐性アップ,土属性耐性アップ",567,10000,63,845,67,428,966,645,588,368,505,"モノクローム・スピン","風","周囲に風の刃を発生させ、範囲風属性ダメージを与える。睡眠状態の相手にヒットした場合、より大きなダメージを与える。","HPダメージ,追撃,範囲","ドールのレアリティが★5以上である,サポートドールに香川フウカが★4以上で参加している","ドールのレアリティが★6以上である,サポートドールに香川フウカが★4以上で参加している,装備「流輝杖アクエリウス」を★5以上で装備している"
"10","浅倉モモカ","ASAKURA MOMOKA","6","田中しおり","https://www.youtube.com/watch?v=_kLp8PyxQ4w","貴族的振る舞いや思考をするよう、英才教育を受けてきた生粋のお嬢様。<br>実家は古くから続く財閥の家系で、アオイの家とは対照的に大崩壊以降存在感を増している。<br>両親からはその家名に恥じない活躍を期待されており、本人もそのことを誇りに思っている。<br>しかし、父親が厳しい人間で、「友達作りよりも自分を磨け」と言われて育ったため、<br>毎日を勉強や習い事で潰されており、昔から孤独で友達という存在に憧れていた。","ブースター","水","4,3,2,1","火炎旋風,かまいたち,エアリアル・スピアー,ギガント・アイスバーグ,テラ・タイダルウェイブ,パワーバッシュ,粉砕の刃,ダウンフォース,精神統一,グランドシールド,パワーミスト,MPアップ,MP消費ダウン,命中アップ,水属性攻撃力アップ,物防アップ,雷属性耐性アップ,水属性耐性アップ",633,10000,678,32,31,560,459,1037,545,483,643,"ティータイム・テンベスト","水","高速な連続斬りを行い、水属性ダメージを与える。発動方向指定可能。","HPダメージ,方向指定","ドールのレアリティが★5以上であること,サポートドールに本郷アズミが★4以上で参加している","ドールのレアリティが★6以上であること,サポートドールに本郷アズミが★4以上で参加している,装備「滅牙槍アメントゥム」を★5以上で装備している"
"11","秋月ホタル","AKIZUKI HOTARU","6","加隅亜衣","https://www.youtube.com/watch?v=2SOM-fLLI8Q","素直じゃない性格故に孤独だった女子高生。<br>自分を変えるためのきっかけになればいいと思って組織に応募したところ採用された。<br>少女漫画が大好きで、白馬の王子様との恋愛に憧れている。<br>恋した相手には一途で健気な態度をとるが、猪突猛進気味でまわりが見えずに暴走することも。<br>任務中に主人公に助けられて以来、主人公に恋心を抱くが、第一部隊、特にサナが主人公と仲がいいところ目撃してからというもの、サナをライバル視している。","アルケミスト","水","4SS","ブラインド・ガーデン,アイスニードル,エナジーバレット,ホークアイ,インスピレーション,オーバーソイル,ヒール,ヒールウインド,セレスティアル・ヒール,キュアバリア,HPアップ,MP消費ダウン,回魔アップ,命中アップ,水属性攻撃力アップ,悪性状態異常耐性アップ,火属性耐性アップ,水属性耐性アップ",828,10000,84,523,539,683,689,1066,801,535,771,"白馬の王子様専用ヒール","無","味方のHPを大幅に回復する。","HP回復","ドールのレアリティが★4以上であること,パーティに海東リオンが★4以上で参加している","ドールのレアリティが★5以上であること,パーティに海東リオンが★4以上で参加している,装備「断罪槌イモータルベイン」を★5以上で装備している"
"12","レン・ルォシー","LEN RUOXI","6","芹澤優","https://www.youtube.com/watch?v=Mv0hOkCmSoU","中国からやってきた少女。<br>国家機関のロギオスにおける発言権増大と監視（という名目で釘を刺す）という目的のために、ドール部隊にねじ込まれた。<br>中国武術に精通し、頭もいい。<br>が、強い者を見かけるととりあえず勝負を仕掛けようとしてしまうなど、性格にはやや難アリ。<br>ライバルの第五部隊のみならず、圧倒的な実力差のある第一部隊にすら喧嘩を売るほどで、第六部隊一の狂犬。<br>とはいえ第六部隊の隊員との仲は良好で、みんなから可愛がられている。","ストライカー","火","4SS","火炎旋風,烈火扇撃,メガ・エクスプロージョン,ボルカノン,業火・煉獄爆炎衝,稲妻落とし,ブリッツシュラーク・ハイ,金剛・龍旋雷牙,パワーバッシュ,粉砕の刃,テンションアップ,HPアップ,与ダメージアップ,物攻アップ,被ダメージダウン,物防アップ,火属性耐性アップ,風属性耐性アップ",917,10000,1041,84,84,892,727,810,830,419,533,"イーアルサンから真骨頂","無","槍を振り上げ衝撃波を飛ばし、無属性タメージを与える。発動方向指定可能。","HPダメージ,方向指定","ドールのレアリティが★4以上であること,バーティに葦原ミコが★4以上で参加している","ドールのレアリティが★5以上であること,バーティに葦原ミコが★4以上で参加している,装備「断凱斧ザガン」を★5以上で装備している"
"13","本郷アズミ","HONGO AZUMI","1","鈴木愛奈","https://www.youtube.com/watch?v=TY_VHpkAy0A","ロギオス内で最も高い実力をもつ、ドールの象徴的な存在。<br>大崩壊を「生き残ってしまった」ため、自身の命を使ってでも東京奪還をしなければいけないと考えている。<br>自己犠牲的で死を恐れない性格のため、仲間からは信頼されつつも心配されている。<br>好きなものは特撮ヒーロー。嫌いなものは叶わぬ夢ばかり語る人間。","ブースター","水","4S,3S","かまいたち,ギガント・アイスバーグ,テラ・タイダルウェイブ,ハードスラッシュ,パワーバッシュ,粉砕の刃,ダウンフォース,テンションアップ,精神統一,広域展開,パワーミスト,MPアップ,MP消費ダウン,命中アップ,水属性攻撃力アップ,物防アップ,雷属性耐性アップ,水属性耐性アップ",772,10000,771,37,35,710,573,962,629,590,852,"孤高のセプテントリオン","無","魔法の槍を落下させ、範囲無属性ダメージを与える。確率で物攻を低下させる。","HPダメージ,デバフ,範囲","ドールのレアリティが★5以上であること,サポートドールに天道リノアが★4以上で参加している","ドールのレアリティが★6以上であること,サポートドールに天道リノアが★4以上で参加している,装備「滅牙槍アメントゥム」を★5以上で装備している"
"14","一文字リツ","ICHIMONJI RITSU","1","薮根依泉","https://www.youtube.com/watch?v=t1JxRvvqM3g","常に余裕を崩さない、頼れる飄々ガール。<br><br>第一部隊のサブリーダー的ポジション。<br>どこかつかみどころのない雰囲気をもつが、誰とでも気さくに話すことから、仲間内での評判はいい。<br><br>自分が最強であることを証明したいという思いが強く、強敵との戦いを望んでいる。","ストライカー","火","4,3,2,1","烈火扇撃,ボルカノン,業火・煉獄爆炎衝,神岩・玄武六方晶,デブリスフロー・エッジ,ヘビー・クアッグマイア,震動一閃,ハードスラッシュ,パワーバッシュ,粉砕の刃,テンションアップ,HPアップ,与ダメージアップ,物攻アップ,火属性攻撃力アップ,被ダメージダウン,物防アップ,火属性耐性アップ,風属性耐性アップ",754,10000,902,63,65,702,580,651,684,317,410,"アボロ・ランテブー","火","斧を振り下ろし強力な爆発を発生させ、範囲火属性ダメージを与える。","HPダメージ,範囲","ドールのレアリティが★5以上であること,パーティに南ワカナが★4以上で参加している","ドールのレアリティが★6以上であること,パーティに南ワカナが★4以上で参加している,装備「断凱斧ザガン」を★5以上で装備している"
"15","南ワカナ","MINAMI WAKANA","1","神本綾華","https://www.youtube.com/watch?v=EKtL4HM9jPE","誰かを甘やかすのが大好き。特に年下の可愛い女の子が好みで、よくコマリを甘やかしている。<br>補助から攻撃まで幅広く対応できるため、戦闘では何かと頼られる立場。しかし本人は頼られるのが好きなのでまんざらでもない。<br><br>科学技術、特に工学系の知識が豊富で、未知の技術に目が無い研究オタクでもある。<br>ロギオスに入ったのもゲート由来の様々な技術を学ぶためであり、<br>未知の技術を前にするとお姉さんキャラが崩れることもしばしば。","エンチャンター","火","4S,3S","ファイアアロー,バーナーウォール,ルースレス・バースト,フレイムピラー,メテオストーム,眠りのそよ風,ジェットストーム,スタックマッド,サモン・ゴーレム,エナジーバレット,オーバーソイル,与ダメージアップ,スキル範囲拡大,魔攻アップ,火属性攻撃力アップ,被ダメージダウン,魔防アップ,火属性耐性アップ,風属性耐性アップ",613,10000,77,772,75,561,882,980,680,546,683,"アプレーション・レーザー","火","火弾を連射し、火属性ダメージを与える。確率でやけどを付与する。発動方向指定可能。","HPダメージ,状態異常付与,方向指定","ドールのレアリティが★5以上であること,パーティに如月ナツハが★4以上で参加している","ドールのレアリティが★6以上であること,パーティに如月ナツハが★4以上で参加している,装備「嘆命杖コキュートス」を★5以上で装備している"
"16","風見コトハ","KAZAMI KOTOHA","1","山一茉希","https://www.youtube.com/watch?v=6S_rdPd_Sp8","かなりの仕事人間であり、何事においても慎重に判断をする。<br>サポートに特化しており的確に仲間をアシストするが、あくまでも任務上のことしかしない。<br>そのことも相まって、ときたま薄情な人間だと思われたりもするが本人は気にしていない。<br>双子の姉であるスズハを世界一愛しており、その愛を邪魔する者は絶対に許さない。<br>スズハの幸福を願っており、入隊する際も「将来的に姉との幸せを保証してくれるのなら」という条件を提示した。","アルケミスト","火","4S,3S","ファイアアロー,ブラインド・ガーデン,エナジーバレット,ソウル・ブレイズアップ,リカバリーアップ,ホークアイ,インスピレーション,オーバーソイル,クイックヒール,セレスティアル・ヒール,キュアバリア,HPアップ,MP消費ダウン,回魔アップ,命中アップ,回避アップ,悪性状態異常耐性アップ,火属性耐性アップ,水属性耐性アップ",720,10000,75,441,471,652,627,1180,733,449,600,"サクセスフル・ミッション","無","メイスで強打し、無属性ダメージを与える。確率で魔法被ダメージ増加を付与する。","HPダメージ,状態異常付与","ドールのレアリティが★5以上である,パーティに風見スズハが★4以上で参加している","ドールのレアリティが★6以上である,パーティに風見スズハが★4以上で参加している,装備「疫鎖槌アサグ」を★5以上で装備している"
"17","結城コマリ","YUKI KOMARI","1","和氣あず未","https://www.youtube.com/watch?v=QxccllvCf4M","能力と戦闘センスは天才的であり、他の第一部隊のメンバーと遜色のない実力を持っている。<br>経験や精神性が他メンバーより低いためピンチに陥ることもあるが、持ち前のセンスでどうにか切り抜けている。<br>承認欲求が強く、周囲に「褒めてアピール」をよくする。どんな時でも自分を褒めて甘やかしてくれるワカナが大好き。<br>願いは全てを手に入れること。漠然としたその願いを公言して憚らず、しかし実際その願いがどうすれば叶うのかは、本人もよくわかっていない。","ミスティック","土","4SS","ギャラクシーインパクト,スタックマッド,サモン・ゴーレム,ガイアズ・エンレイジ,アイスニードル,ウォーターピラー,フリーズ・クロス,フローズン・ノヴァ,エナジーバレット,オーバーソイル,ストーンウォール,MPアップ,魔攻アップ,土属性攻撃力アップ,被ダメージダウン,魔防アップ,回避アップ,土属性耐性アップ",664,10000,81,1104,82,547,1157,853,748,482,698,"天才少女ここにありぃ！","","光の柱を落下させ、無属性ダメージを与える。確率で移動速度を低下させる。発動位置指定可能。","HPダメージ,デバフ,方向指定","ドールのレアリティが★4以上であること,パーティに葛葉ミリアが★4以上で参加している","ドールのレアリティが★5以上であること,パーティに葛葉ミリアが★4以上で参加している,装備「禁詠杖ウロボロス」を★5以上で装備している"
"18","風見スズハ","KAZAMI SUZUHA","1","石見舞菜香","https://www.youtube.com/watch?v=fUF8nXNDVbE","妹と同じく仕事人間であり、任務を遂行するためならば率先して行動する。<br>戦闘能力は高く、どんなこともそつなくこなすが何かと無理をしがち。それも相まって仲間からはたまに心配される。<br>双子の妹であるコトハの幸福を願っており、あまり周囲と馴染もうとしない彼女のために裏で頑張っている。<br>コトハは慎重派、スズハは行動派と相反する属性を持っているが連携はロギオス随一。<br>入隊する際はコトハを追う形で参加した。願いは「妹の幸福を保証して欲しい」であった。","ストライカー","水","4S,3S","火炎旋風,アトモスバレット,ギガント・アイスバーグ,水鏡裂波,ブルーサーフ,蒼牙・無限海龍撃,ハードスラッシュ,パワーバッシュ,粉砕の刃,ダウンフォース,パワーミスト,HPアップ,与ダメージアップ,物攻アップ,水属性攻撃力アップ,被ダメージダウン,物防アップ,火属性耐性アップ,水属性耐性アップ",856,10000,976,70,71,825,653,729,704,375,449,"ゼロ・インターミッション","水","双剣で前方を難ぎ払い、範囲水属性ダメージを与える。確率で魔攻を低下させる。","HPダメージ,デバフ,範囲","ドールのレアリティが★5以上であること,パーティに風見コトハが★4以上で参加している","ドールのレアリティが★5以上であること,パーティに風見コトハが★4以上で参加している,装備「裂塵斧クティノス」を★5以上で装備している"
"19","月読ルナ","TSUKUYOMI LUNA","3","青山吉能","https://www.youtube.com/watch?v=j6l08e56qEc","明るくほがらか、そしてめんどくさがり屋な第三部隊のリーダー。<br>任務では統率力を発揮する一方で、生活能力はゼロ。ドール部隊に入る前は三食カップ麺で過ごし、汚部屋に住んでいた。<br>現在は、フウカのお世話のおかげでなんとかまともな生活を送ることができている。<br>思考・行動の判断基準が常人とは異なっており、第一部隊でさえ攻略が難しい危険なエリアから、数多くの有益な情報を持ち帰ってきている。","ミスティック","土","4S,3S","グングニル・グラベル,ギャラクシーインパクト,スタックマッド,サモン・ゴーレム,ガイアズ・エンレイジ,絶対零度,アイスニードル,ウォーターピラー,フリーズ・クロス,フローズン・ノヴァ,エナジーバレット,MPアップ,魔攻アップ,土属性攻撃力アップ,被ダメージダウン,魔防アップ,回避アップ,土属性耐性アップ,雷属性耐性アップ",631,10000,71,992,69,474,990,753,631,428,585,"不可思議に落ちる空間","土","一定時間岩石を含む竜巻を召喚し、範囲土属性ダメージを与える。相手の移動速度を低下させる。発動位置指定可能。","HPダメージ,特殊,デバフ,範囲,方向指定","ドールのレアリティが★5以上であること,パーティに魚州セツナが★4以上で参加している","ドールのレアリティが★6以上であること,パーティに魚州セツナが★4以上で参加している,装備「粛清杖アスティーグ」を★5以上で装備している"
"20","香川フウカ","KAGAWA FUKA","3","竹内ゆうか","https://www.youtube.com/watch?v=h2BdHWc4QLk","ジャーナリストを目指す、おっとり少女。<br><br>特ダネやスクープをいつも探している。ゲートやunknownについての考察記事を書くため、情報収集に余念がない。<br><br>誰かの世話を焼くことが好きで、かえって周囲の人間を駄目にしてしまうこともある。<br>特にリーダーのルナは典型的な生活破綻者で、日常生活はすっかりフウカに依存してしまっている。","ミスティック","火","4,3,2,1","ファイアアロー,ルースレス・バースト,フレイムピラー,猛炎・火竜召喚,グングニル・グラベル,ギャラクシーインパクト,スタックマッド,ガイアズ・エンレイジ,エナジーバレット,ソウル・ブレイズアップ,ストーンウォール,MPアップ,与ダメージアップ,魔攻アップ,火属性攻撃力アップ,魔防アップ,火属性耐性アップ,風属性耐性アップ",559,10000,63,831,66,447,932,665,559,349,511,"炎上的大スクープ","火","頭上に火球を出現、爆発させ周囲に範囲火属性ダメージを与える。やけど状態の相手をヒットした場合、より大きなダメージを与える。","HPダメージ,追撃","ドールのレアリティが★5以上であること,サポートドールに剣崎ナナミが★4以上で参加している","ドールのレアリティが★6以上であること,サポートドールに剣崎ナナミが★4以上で参加している,装備「流輝杖アクエリウス」を★5以上で装備している"
"21","魚州セツナ","UOZU SETSUNA","3","長谷川育美","https://www.youtube.com/watch?v=QbfypzrjmY8","変わり者のアーティスト。<br>新進気鋭の画家として、界隈では有名。<br>ゲートの先にある異世界に、自らの作品のモチーフを求めてドールになった。<br><br>もともとは第三部隊のリーダーになる予定だったが、<br>ルナの並外れた直感とカリスマ性を見抜き彼女を推薦した。<br>創作意欲を刺激されるものを見つけると、つい興奮してしまう。","アルケミスト","風","4,3,2,1","ウインドブラスト,ブラインド・ガーデン,サイクロン・マグネティカ,ライトニング・ジェミニ,サンダーレイン,エナジーバレット,リカバリーアップ,ヒール,セレスティアル・ヒール,キュアバリア,HPアップ,回魔アップ,風属性攻撃力アップ,回避アップ,悪性状態異常耐性アップ,風属性耐性アップ,土属性耐性アップ",616,10000,60,364,448,537,517,796,611,406,496,"生命の躍動を見せよ","","自身を含む周囲の味方の物防と魔防を一定時間増加させる。スキル★4で発動位置指定可能。","バフ,方向指定","ドールのレアリティが★5以上である,パーティに月読ルナが★4以上で参加している","ドールのレアリティが★6以上である,パーティに月読ルナが★4以上で参加している,装備「断罪槌イモータルベイン」を★5以上で装備している"
"22","鳴海ナギサ","NARUMI NAGISA","3","三波春香","https://www.youtube.com/watch?v=9jyu4c6JdfQ","大冒険家を夢見る、好奇心旺盛な少女。<br><br>歴史的建造物の探索や廃墟巡りが趣味で、未知のものを求めてドールに志願した。<br><br>天真爛漫、好奇心の塊で何事もポジティブにとらえるムードメーカー。<br>楽しさが優先しすぎて先走りすぎることが多いのが玉に瑕だが、彼女の好奇心によって事態が打開することも多い。<br><br>廃墟探索などで数々の心霊現象を実体験しており、怪談話をさせると一級品。","ストライカー","風","4S,3S","かまいたち,風雅・穿孔飛燕翔,エアリアル・スピアー,雷撃連舞,ジュピタープレス,ブリッツシュラーク・ハイ,轟雷・神鳴環,パワーバッシュ,粉砕の刃,テンションアップ,ラピッドウインド,HPアップ,物攻アップ,風属性攻撃力アップ,物防アップ,火属性耐性アップ,風属性耐性アップ",848,10000,958,71,75,780,699,753,725,380,441,"ダイプ・サバイプ","","前方を斬撃し風属性ダメージを与える。気絶状態の相手にヒットした場合、より大きなダメージを与える。","HPダメージ,追撃","ドールのレアリティが★5以上であること,サポートドールに雨宮テンカが★4以上で参加している","ドールのレアリティが★6以上であること,サポートドールに雨宮テンカが★4以上で参加している,装備「断凱斧ザガン」を★5以上で装備している"
"23","和泉ナナ","IZUMI NANA","3","明坂聡美","https://www.youtube.com/watch?v=CqwRrfqFHZc","自己肯定感が低めの大人しい少女。<br><br>普段は他人に謝ってばかりなのだが、いざ任務となると無謀ともいえるほどに敵に突っ込んでいく。その姿はまるで死に急いでいるようにすら見える。<br><br>幼少期は今とは真逆の明るい性格をしていたらしいが……。<br>人から褒められたいと思っているが、実際に褒められるのは苦手。","ストライカー","水","4SS","アトモスバレット,エアリアル・スピアー,ギガント・アイスバーグ,水鏡裂波,ブルーサーフ,蒼牙・無限海龍撃,ハードスラッシュ,パワーバッシュ,粉砕の刃,ダウンフォース,パワーミスト,HPアップ,与ダメージアップ,スキル範囲拡大,物攻アップ,水属性攻撃力アップ,物防アップ,火属性耐性アップ,水属性耐性アップ",948,10000,1103,83,78,904,794,868,856,405,542,"死地に向かって","無","対象に稲妻を落下させ、広範囲無属性ダメージを与える","HPダメージ,範囲","ドールのレアリティが★4以上であること,パーティに結城コマリが★4以上で参加している","ドールのレアリティが★5以上であること,パーティに結城コマリが★4以上で参加している,装備「断凱斧ザガン」を★5以上で装備している"
"24","万丈ユウキ","BANJO YUKI","3","相羽あいな","https://www.youtube.com/watch?v=OWCQNOWC2oo","性格は実直で生真面目、冗談が通じない。<br>しがらみに囚われる窮屈な少女。<br><br>武家の名門出身で、厳格なしつけをうけてきた。家訓に縛られて生きてきたため自己表現が苦手。<br>ロギオスを調査するために送られてきたスパイだが、本人が志向する正々堂々とした戦いとは異なるものであるため、違和感と窮屈さを感じている。<br>胸を押さえつけるような服装を好んでいる。","ガーディアン","土","4SS","デブリスフロー・エッジ,礫・冥界激震波,アイアンクラッシュ,パワーバッシュ,スタンラッシュ,鬼さんこちら,ハイパー・リフレクト,グランドシールド,シールドヴェール,こっちこっち,剛盾・絶対障壁,HPアップ,土属性攻撃力アップ,被ダメージダウン,物防アップ,魔防アップ,土属性耐性アップ,雷属性耐性アップ,ヘイトアップ",1490,10000,426,84,84,1234,1255,846,1349,204,379,"卑屈な者よ、地に伏せよ","無","斧を大きく振りかぶり、無属性ダメージを与える。確率で気絶を付与する。","HPダメージ,状態異常付与","ドールのレアリティが★4以上であること,サポートドールに宝生ヒナが★4以上で参加している","ドールのレアリティが★5以上であること,サポートドールに宝生ヒナが★4以上で参加している,装備「屠龍剣ブネ」を★5以上で装備している"
"25","園咲ミヤコ","SONOZAKI MIYAKO","2","日高里菜","https://www.youtube.com/watch?v=9m5dIM02g6Q","医療、後方支援を行う第二部隊のリーダー。<br>気配り上手で明るく朗らかな性格をしている。<br><br>両親が孤児院を経営しており、孤児たちの里親を見つける目的でドールに志願した。<br>人を助けるためなら大概の無茶を厭わない。<br>大人なお姉さんに憧れているのだが、身長が低いため、隊員たちからはマスコットのように可愛がられている。","ミスティック","風","4SS","眠りのそよ風,トルネード,ジェットストーム,サイクロン・マグネティカ,ライトニング・ジェミニ,サンダーレイン,サンダーブレイド,ジェネシスサンダーボルト,アイスニードル,エナジーバレット,ホークアイ,MPアップ,与ダメージアップ,スキル範囲拡大,魔攻アップ,風属性攻撃力アップ,魔防アップ,風属性耐性アップ,土属性耐性アップ",697,10000,82,1083,83,531,1170,791,693,478,655,"気配り上手で攻め上手♪","無","多段ヒットする光の爆発を発生させ、範囲無属性ダメージを与える。発動位置指定可能。","HPダメージ,範囲,方向指定","ドールのレアリティが★4以上であること,パーティに和泉ナナが★4以上で参加している","ドールのレアリティが★5以上であること,パーティに和泉ナナが★4以上で参加している,装備「禁詠杖ウロボロス」を★5以上で装備している"
"26","如月ナツハ","KISARAGI NATSUHA","2","仲咲志織","https://www.youtube.com/watch?v=G11GkPkEv38","聖母のような穏やかさをもつシスター。<br>教会の家に生まれ、敬虔な信徒である両親のもとで健やかに育った。<br><br>ドールとなって戦う自分の姿を神の啓示として「見た」ことで、ドール部隊に志願した。<br>世話焼きな性格で、多くの人に慕われている。<br>歌うことが大好きで、聖歌からアイドルソングまでなんでも歌いこなせる。","ミスティック","雷","4,3,2,1","ファイアアロー,バーナーウォール,ルースレス・バースト,フレイムピラー,猛炎・火竜召喚,サンダーレイン,ナルカミ,サンダーブレイド,雷神・トールハンマー,ジェネシスサンダーボルト,アイスニードル,HPアップ,MPアップ,魔攻アップ,雷属性攻撃力アップ,魔防アップ,雷属性耐性アップ,水属性耐性アップ",524,10000,62,812,66,444,945,620,584,342,541,"天雷、汝のものなればなり","","雷の球体を召喚し、雷属性ダメージを与える。クリティカル攻撃が発生しやすい。","HPダメージ","ドールのレアリティが★5以上であること,サポートドールに白波アマノが★4以上で参加している","ドールのレアリティが★6以上であること,サポートドールに白波アマノが★4以上で参加している,装備「流輝杖アクエリウス」を★5以上で装備している"
"27","葛葉ミリア","KATSURABA MILIA","2","屋代瑠花","https://www.youtube.com/watch?v=Fnshhr_8ctw","勉強熱心な医者の卵。<br>父親が大きな病院の院長で、幼い頃から医療知識に触れてきた。<br>父のように立派な医者になることを目指し、ゲート由来の最新技術を学ぶため、ドールに志願した。<br><br>プライドは高い一方で、仲間想いな性格で、仲間を馬鹿にされると激怒する。<br>普段は落ち着いているが、怪談の類にはめっぽう弱い。","ストライカー","土","4,3,2,1","かまいたち,デブリスフロー・エッジ,ヘビー・クアッグマイア,震動一閃,礫・冥界激震波,雷撃連舞,ハードスラッシュ,パワーバッシュ,粉砕の刃,ラピッドウインド,グランドシールド,HPアップ,物攻アップ,土属性攻撃力アップ,被ダメージダウン,物防アップ,土属性耐性アップ,雷属性耐性アップ",767,10000,911,61,62,720,611,621,626,334,393,"メス・ペネトレイト","無","一定距離で爆発する斬撃波を飛ばし、範囲無属性ダメージを与える。発動方向指定可能。","HPダメージ,範囲,方向指定","ドールのレアリティが★5以上であること,パーティに園咲ミヤコが★4以上で参加している","ドールのレアリティが★6以上であること,パーティに園咲ミヤコが★4以上で参加している,装備「裂塵斧クティノス」を★5以上で装備している"
"28","宝生ヒナ","HOJO HINA","2","佐々木奈緒","https://www.youtube.com/watch?v=U3OcsVnYMzA","若くして、薬学会で名が知られている天才少女。<br><br>不老不死の研究に没頭し、死のない世界を創造することを目指している。<br>不老不死の薬のヒントをゲート由来の技術に求めてドールになった。<br>怪しげな薬を作ってはドール部隊員を治験対象にしようとするなど、マッドサイエンティストのような一面もある。<br>ワカナやミリアとは、よくレリックについての情報交換を行う仲。","ガーディアン","水","4,3,2,1","稲妻落とし,水鏡裂波,蒼牙・無限海龍撃,アイアンクラッシュ,スタンラッシュ,粉砕の刃,鬼さんこちら,ハイパー・リフレクト,グランドシールド,シールドヴェール,仁王立ち,HPアップ,命中アップ,水属性攻撃力アップ,被ダメージダウン,物防アップ,魔防アップ,火属性耐性アップ,水属性耐性アップ,ヘイトアップ",995,10000,318,64,60,1001,1157,648,1016,165,284,"ファンデルワールスカ","無","斧の柄で打撃を行い、無属性ダメージを与える。ヘイトを上昇させる。","HPダメージ","ドールのレアリティが★5以上であること,サポートドールに万丈ユウキが★4以上で参加している","ドールのレアリティが★5以上であること,サポートドールに万丈ユウキが★4以上で参加している,装備「炎将剣イグニートソード」を★5以上で装備している"
"29","火野アヤ","HINO AYA","2","大橋海咲","https://www.youtube.com/watch?v=v86WDGqlxfI","仲間を守るため最前線に身を置く、特撮ヒーローが大好きな熱血少女。<br><br>故郷である東京を取り戻すためにドールに志願した。常に前向きで不屈の精神をもっている。<br>色々とネジが外れがちな第二部隊の中で正論を吐いてくれる貴重な存在。<br><br>医療を専門とする第二部隊に所属しながら、医療知識に乏しい彼女は、部隊を前線に運ぶための盾の役割を果たす。","ストライカー","雷","4S,3S","火炎旋風,烈火扇撃,メガ・エクスプロージョン,ボルカノン,ジュピタープレス,ブリッツシュラーク・ハイ,轟雷・神鳴環,金剛・龍旋雷牙,粉砕の刃,テンションアップ,精神統一,HPアップ,与ダメージアップ,物攻アップ,雷属性攻撃力アップ,物防アップ,雷属性耐性アップ,水属性耐性アップ",899,10000,1017,75,70,770,674,771,740,384,455,"天罰・天照義勇斬り","雷","対象の周囲に落雷を発生させ、範囲雷属性ダメージを与える。使用時、自身の物攻を一定時間上昇させる。","HPダメージ,バフ,範囲","ドールのレアリティが★5以上であること,パーティに天空寺メグミが★4以上で参加している","ドールのレアリティが★6以上であること,パーティに天空寺メグミが★4以上で参加している,装備「裂塵斧クティノス」を★5以上で装備している"
"30","天空寺メグミ","TENKUJI MEGUMI","2","三森すずこ","https://www.youtube.com/watch?v=5asyYaYRwfc","規律と効率を重視する堅物。<br><br>人助けを生きがいとし、ドール入隊前から国内問わず様々なボランティアに参加していた。<br>夢は世界から戦争を根絶すること。<br>その夢のため、ゲート由来の未知の技術を擁するロギオスに漠然とした期待を持っている。<br><br>規律と効率を重視する性格で、部隊の雰囲気を引き締める立場。<br>任務となれば厳しいが、プライベートでは心優しく落ち着いた態度を見せる。","メディック","雷","4SS","ライトニング・ジェミニ,サンダーレイン,ナルカミ,サンダーブレイド,エナジーバレット,リカバリーアップ,インスピレーション,クイックヒール,ヒールウインド,セレスティアル・ヒール,キュアバリア,HPアップ,スキル範囲拡大,回魔アップ,雷属性攻撃力アップ,回避アップ,悪性状態異常耐性アップ,雷属性耐性アップ,水属性耐性アップ",878,10000,172,346,704,879,812,1073,735,213,761,"自分の足で立ちなさい","無","戦闘不能の味方を1人蘇生する。蘇生時、最大HPの12%分を回復する。発動位置指定可能。","蘇生,HP回復,方向指定","ドールのレアリティが★4以上である,パーティに火野アヤが★4以上で参加している","ドールのレアリティが★5以上である,パーティに火野アヤが★4以上で参加している,装備「光聖杖マジェスタ」を★5以上で装備している"
"31","刃シキ","YAIBA SHIKI","4","春川友紀","https://www.youtube.com/watch?v=_cvu1fIXgLU","融通の利かない第四部隊のリーダー。<br><br>飛び級で大学に進学した天才少女。専門は応用物理学。自分の知識を活かそうとドール部隊に志願したが、なぜかアイドルとしての適性が認められ、広報部隊に配属された。<br><br>学級委員長タイプで、規律やルールを重視しすぎるあまり、人間関係で空回りしてしまうことがある。","ストライカー","土","4,3,2,1","アトモスバレット,風雅・穿孔飛燕翔,神岩・玄武六方晶,デブリスフロー・エッジ,震動一閃,礫・冥界激震波,ハードスラッシュ,パワーバッシュ,粉砕の刃,ラピッドウインド,グランドシールド,HPアップ,与ダメージアップ,物攻アップ,土属性攻撃力アップ,物防アップ,魔防アップ,土属性耐性アップ,雷属性耐性アップ",801,10000,845,68,68,711,589,683,685,336,418,"ソルティ・アティテュード","無","前方に突きを行い攻撃し、無馬性ダメージを与える。確率でクリティカル率を低下させる。","HPダメージ,デバフ","ドールのレアリティが★5以上であること,パーティに神山オトハが★4以上で参加している","ドールのレアリティが★6以上であること,パーティに神山オトハが★4以上で参加している,装備「断凱斧ザガン」を★5以上で装備している"
"32","神山オトハ","KAMIYAMA OTOHA","4","大森こころ","https://www.youtube.com/watch?v=wGt_-mL_zvo","空想大好き不思議少女。<br><br>常に夢見がちで、どんなものを見ても、フワフワした妄想にふけってばかりいるように見える。<br>探索任務の時もこのペースを崩さず、unknownを勝手にゴブリンだのオークだのと呼んだりする。<br>だが、実は冷静な観察にもとづく発言をすることが多く、任務中はしばしばチームのブレーンとなる。<br>彼女の見ている世界は果たしてただの妄想なのか、それとも――。","メディック","土","4S,3S","グングニル・グラベル,ガイアズ・エンレイジ,絶対零度,アイスニードル,フリーズ・クロス,オーバーソイル,クイックヒール,ヒール,ヒールウインド,セレスティアル・ヒール,キュアバリア,HPアップ,回魔アップ,土属性攻撃力アップ,物防アップ,魔防アップ,悪性状態異常耐性アップ,土属性耐性アップ,雷属性耐性アップ",834,10000,151,288,731,790,776,940,646,188,643,"童話・永遠に生きたねこ","","範囲内の味方に生存を付与する。発動位置指定可能。","強化状態付与,方向指定","ドールのレアリティが★5以上であること,パーティに桜井ムツミが★4以上で参加している","ドールのレアリティが★6以上であること,パーティに桜井ムツミが★4以上で参加している,装備「光聖杖マジェスタ」を★5以上で装備している"
"33","白波アマノ","SHIRANAMI AMANO","4","新田恵海","https://www.youtube.com/watch?v=0iyhXooGmHY","超一流のエンターテイナーを目指すチャッカリ娘。<br><br>億万長者になるためならば努力を惜しまない。自分の可愛さを認めてもらい、大金をがっぽがっぽ稼ぐことが目的。<br>そのため、ライブの広報活動もドールとしての探索任務も手当てが支給される限り積極的に行う。<br>よく言えばとても前向きで仕事熱心。<br>同じチームの桜井ムツミとはセンターの座を競うライバル関係にある。","ミスティック","火","4SS","ファイアアロー,バーナーウォール,フレイムピラー,猛炎・火竜召喚,ウインドブラスト,グングニル・グラベル,スタックマッド,ガイアズ・エンレイジ,エナジーバレット,ソウル・ブレイズアップ,ストーンウォール,MPアップ,与ダメージアップ,魔攻アップ,火属性攻撃力アップ,魔防アップ,火属性耐性アップ,風属性耐性アップ",675,10000,83,1103,82,536,1184,808,730,462,677,"ハートピートフィーバー","火","対象足元に広範囲の火柱を発生させ、範囲火属性ダメージを与える。確率でやけどを付与する。","HPダメージ,状態異常付与,範囲","ドールのレアリティが★4以上であること,パーティに一文字リツが★4以上で参加している","ドールのレアリティが★5以上であること,パーティに一文字リツが★4以上で参加している,装備「流輝杖アクエリウス」を★5以上で装備している"
"34","桜井ムツミ","SAKURAI MUTSUMI","4","水野亜美","https://www.youtube.com/watch?v=b0XY1SJvbRQ","自信に満ちた正道のアイドル。<br><br>明るくまっすぐな性格で、みんなに夢と希望を与える存在になりたいと思っている。<br><br>大崩壊により記憶を失い、自分が何者かわからないという喪失感を抱えながら生きていた。<br>だが、とあるアイドルを見たことをきっかけに、見る人に希望を与える存在になりたいと思い、アイドルを目指し始める。<br>アマノとは仲が良く、互いに良きライバルと認め合っている。<br>","ストライカー","雷","4,3,2,1","火炎旋風,烈火扇撃,ボルカノン,雷撃連舞,稲妻落とし,ブリッツシュラーク・ハイ,轟雷・神鳴環,金剛・龍旋雷牙,ハードスラッシュ,パワーバッシュ,粉砕の刃,HPアップ,与ダメージアップ,物攻アップ,雷属性攻撃力アップ,物防アップ,雷属性耐性アップ,水属性耐性アップ",776,10000,866,66,66,720,607,640,626,319,424,"恋するバレットスロー","雷","回転プレードを飛ばし、雷属性ダメージを与える。発動方向指定可能。","HPダメージ,方向指定","ドールのレアリティが★5以上であること,パーティに不破シスクが★4以上で参加している","ドールのレアリティが★6以上であること,パーティに不破シスクが★4以上で参加している,装備「裂塵斧クティノス」を★5以上で装備している"
"35","不破シズク","FUWA SHIZUKU","4","伊瀬茉莉也","https://www.youtube.com/watch?v=i3HA3-pzmIM","血の気が多い直情径行型の少女。<br>大崩壊によって家族を失い、天涯孤独の身となった。<br>すべてのunknownを倒すためにドールに志願したが、広報部隊に配属され、アイドル活動を担当することに。<br><br>持ち前の正義感からunknownとの戦いの際には率先して攻撃する。<br>任務中は独断専行の行動が多く、規律を重視するシキとは衝突が絶えない。","ミスティック","水","4,3,2,1","ファイアアロー,ウインドブラスト,ブラインド・ガーデン,トルネード,ジェットストーム,スパイラル・ブーメラン,アイスニードル,フリーズ・クロス,氷霜の妖精召喚,エナジーバレット,インスピレーション,MPアップ,MP消費ダウン,魔攻アップ,命中アップ,水属性攻撃力アップ,魔防アップ,火属性耐性アップ,水属性耐性アップ",546,10000,65,898,65,456,954,662,550,371,517,"ピーキーなコンバート","無","魔法で攻撃し、無属性ダメージを与える。与えたダメージに応じてMPを回復する。発動位置指定可能。","HPダメージ,方向指定","ドールのレアリティが★5以上であること,パーティに刃シキが★4以上で参加している","ドールのレアリティが★6以上であること,パーティに刃シキが★4以上で参加している,装備「禁詠杖ウロボロス」を★5以上で装備している"
"36","雨宮テンカ","AMAMIYA TENKA","4","愛美","https://www.youtube.com/watch?v=vZvvKxwlarU","根っからのアイドルオタク。<br><br>元々ドールの広報活動の事も知っており、ドール部隊員を間近で推すために、自らもドールに志願した。<br><br>基本的にお人好しで困っている人は見過ごせないタイプ。<br>常に明るく、ノリもいいが、人のことをよく見ており、チームのバランサーとしてシキをサポートしている。","ストライカー","風","4SS","アトモスバレット,風雅・穿孔飛燕翔,エアリアル・スピアー,雷撃連舞,ジュピタープレス,ブリッツシュラーク・ハイ,轟雷・神鳴環,パワーバッシュ,粉砕の刃,精神統一,広域展開,HPアップ,与ダメージアップ,物攻アップ,風属性攻撃力アップ,物防アップ,回避アップ,風属性耐性アップ,土属性耐性アップ",905,10000,1092,76,78,884,700,792,808,413,513,"毒の推しこと","風","前方に素早い斬撃を行い、風属性ダメージを与える。確率で毒を付与する。発動方向指定可能。","HPダメージ,状態異常付与,方向指定","ドールのレアリティが★4以上であること,サポートドールに鳴海ナギサが★4以上で参加している","ドールのレアリティが★5以上であること,サポートドールに鳴海ナギサが★4以上で参加している,装備「裂塵斧クティノス」を★5以上で装備している"
"37","不破シズク(水着)","FUWA SHIZUKU","4","伊瀬茉莉也","https://www.youtube.com/watch?v=vZvvKxwlarU","根っからのアイドルオタク。<br><br>元々ドールの広報活動の事も知っており、ドール部隊員を間近で推すために、自らもドールに志願した。<br><br>基本的にお人好しで困っている人は見過ごせないタイプ。<br>常に明るく、ノリもいいが、人のことをよく見ており、チームのバランサーとしてシキをサポートしている。","ガーディアン","火","3S,4S","烈火扇撃,メガ・エクスプロージョン,ボルカノン,アイアンクラッシュ,パワーバッシュ,スタンラッシュ,広域展開,グランドシールド,仁王立ち,こっちこっち,剛盾・絶対障壁,HPアップ,スキル範囲拡大,物攻アップ,命中アップ,火属性攻撃力アップ,物防アップ,魔防アップ,ヘイトアップ",1320,10000,354,73,71,1110,1056,742,1175,179,329,"トロピカ〜ルサマースピア","火","前方へ複数回の突き攻撃を行い、火属性ダメージを与える。最後の攻撃を与えた時、敵をノックバックさせる。この攻撃は敵からのヘイトが高まりやすい。発動方向指定可能。","HPダメージ,方向指定","ドールのレアリティが★4以上であること,パーティに天空時メグミが★4以上で参加している","ドールのレアリティが★5以上であること,パーティに天空時メグミが★4以上で参加している,装備「屠龍剣ブネ」を★5以上で装備している"
"38","如月ナツハ(水着)","KISARAGI NATSUHA","2","仲咲志織","https://www.youtube.com/watch?v=vZvvKxwlarU","聖母のような穏やかさをもつシスター。<br>教会の家に生まれ、敬虔な信徒である両親のもとで健やかに育った。<br><br>ドールとなって戦う自分の姿を神の啓示として「見た」ことで、ドール部隊に志願した。<br>世話焼きな性格で、多くの人に慕われている。<br>歌うことが大好きで、聖歌からアイドルソングまでなんでも歌いこなせる。","ストライカー","水","4SS","雷撃連舞,ジュピタープレス,ブリッツシュラーク・ハイ,轟雷・神鳴環,ギガント・アイスバーグ,テラ・タイダルウェイブ,水鏡裂波,ブルーサーフ,ハードスラッシュ,精神統一,パワーミスト,HPアップ,物攻アップ,会心アップ,雷属性攻撃力アップ,水属性攻撃力アップ,火属性耐性アップ,雷属性耐性アップ,俊敏アップ",971,10000,1072,83,78,867,763,812,815,401,501,"聖・サマースプラッシュ","水","空中に飛びあがり、前方に勢いよく突進しながら範囲水属性ダメージを与える。","HPダメージ","ドールのレアリティが★5以上であること,サポートドールに浅倉モモカが★4以上で参加している","ドールのレアリティが★6以上であること,サポートドールに浅倉モモカが★4以上で参加している,装備「裂塵斧クティノス」を★5以上で装備している"
"39","桜井ムツミ(水着)","SAKURAI MUTSUMI","4","水野亜美","https://www.youtube.com/watch?v=b0XY1SJvbRQ","自信に満ちた正道のアイドル。<br><br>明るくまっすぐな性格で、みんなに夢と希望を与える存在になりたいと思っている。<br><br>大崩壊により記憶を失い、自分が何者かわからないという喪失感を抱えながら生きていた。<br>だが、とあるアイドルを見たことをきっかけに、見る人に希望を与える存在になりたいと思い、アイドルを目指し始める。<br>アマノとは仲が良く、互いに良きライバルと認め合っている。<br>","ミスティック","風","3S,4S","ファイアアロー,ルースレス・バースト,フレイムピラー,猛炎・火竜召喚,ウインドブラスト,眠りのそよ風,ジェットストーム,スパイラル・ブーメラン,サイクロン・マグネティカ,スタックマッド,ソウル・ブレイズアップ,MPアップ,与ダメージアップ,魔攻アップ,命中アップ,火属性攻撃力アップ,風属性攻撃力アップ,魔防アップ,風属性耐性アップ",626,10000,68,963,70,493,1043,687,601,402,559,"ドルフィンレーザー","風","エネルギーを溜め、指定した位置にレーザーを放つ。着弾すると爆発し、敵を高く飛びあげさせながら範囲風属性ダメージを与える。発動位置指定可能","HPダメージ","ドールのレアリティが★4以上であること,パーティに不破シズクが★4以上で参加している","ドールのレアリティが★5以上であること,パーティに不破シズクが★4以上で参加している,装備「禁詠杖ウロボロス」を★5以上で装備している"
"40","葛葉ミリア(水着)","KATSURABA MILIA","2","屋代瑠花","https://www.youtube.com/watch?v=Fnshhr_8ctw","勉強熱心な医者の卵。<br>父親が大きな病院の院長で、幼い頃から医療知識に触れてきた。<br>父のように立派な医者になることを目指し、ゲート由来の最新技術を学ぶため、ドールに志願した。<br><br>プライドは高い一方で、仲間想いな性格で、仲間を馬鹿にされると激怒する。<br>普段は落ち着いているが、怪談の類にはめっぽう弱い。","メディック","水","4SS","絶対零度,アイスニードル,フリーズ・クロス,氷霜の妖精召喚,エナジーバレット,リカバリーアップ,インスピレーション,クイックヒール,ヒールウインド,セレスティアル・ヒール,キュアバリア,HPアップ,スキル範囲拡大,魔攻アップ,回魔アップ,魔防アップ,悪性状態異常耐性アップ,火属性耐性アップ,水属性耐性アップ",894,10000,157,319,739,766,822,951,704,202,668,"夏色シルクリバイブ","無","シルクのようにふわりとしたエリアを生成する。味方がエリア内で戦闘不能になったとき、最大で1人まで蘇生する。蘇生時、最大HPの7.5%分を回復する。蘇生成功率15%、1秒ごとに1回蘇生の判定を行う。継続時間10秒。発動位置指定可能。","蘇生,HP回復","ドールのレアリティが★4以上であること,サポートドールに秋月ホタルが★4以上で参加している","ドールのレアリティが★5以上であること,サポートドールに秋月ホタルが★4以上で参加している,装備「癒精杖ブエル」を★5以上で装備している"
"41","浅倉モモカ(ドレス)","ASAKURA MOMOKA","6","田中しおり","https://www.youtube.com/watch?v=_kLp8PyxQ4w","貴族的振る舞いや思考をするよう、英才教育を受けてきた生粋のお嬢様。<br>実家は古くから続く財閥の家系で、アオイの家とは対照的に大崩壊以降存在感を増している。<br>両親からはその家名に恥じない活躍を期待されており、本人もそのことを誇りに思っている。<br>しかし、父親が厳しい人間で、「友達作りよりも自分を磨け」と言われて育ったため、<br>毎日を勉強や習い事で潰されており、昔から孤独で友達という存在に憧れていた。","ミスティック","土","3S,4S","グングニル・グラベル,ギャラクシーインパクト,スタックマッド,ガイアズ・エンレイジ,ライトニング・ジェミニ,サンダーレイン,ナルカミ,サンダーブレイド,ジェネシスサンダーボルト,エナジーバレット,ソウル・ブレイズアップ,HPアップ,与ダメージアップ,魔攻アップ,会心アップ,土属性攻撃力アップ,雷属性攻撃力アップ,魔防アップ,土属性耐性アップ",580,10000,75,827,71,471,1065,745,616,421,566,"エレガント・バールシェル","土","相手を貫通する鋭い貝殻をいくつも射出し、土属性ダメージを与える。発動方向指定可能。","HPダメージ","ドールのレアリティが★5以上であること,サポートドールに結城コマリが★4以上で参加している","ドールのレアリティが★6以上であること,サポートドールに結城コマリが★4以上で参加している,装備「粛清杖アスティーグ」を★5以上で装備している"
"42","上城アオイ(ドレス)","KAMIJO AOI","6","後藤彩佐","https://www.youtube.com/watch?v=NdPQCQZlR4c","実家は古くから続く財閥の家系で、政財界に強い発言力を持っていたが、大崩壊を期に没落の一途を辿っている。<br>没落した実家の再興を目的にドール部隊に参加。復興に貢献、家の発言力を増すことを企図して送り込まれている。<br>基本的に従順で大人しい深窓の令嬢だが、両親、親族からは活躍を期待されプレッシャーをかけられている。<br>同じく家名を背負ってドール部隊に参加しているモモカには憧れと妬みの入り混じった複雑な感情を抱いている。","エンチャンター","土","4SS","グングニル・グラベル,ギャラクシーインパクト,サモン・ゴーレム,ガイアズ・エンレイジ,サンダーレイン,ナルカミ,雷神・トールハンマー,ホークアイ,インスピレーション,オーバーソイル,ストーンウォール,MPアップ,MP消費ダウン,魔攻アップ,土属性攻撃力アップ,被ダメージダウン,土属性耐性アップ",657,10000,79,850,82,622,960,994,704,577,642,"徒花たちのダンスホール","土","リボンを纏うエリアを生成する。範囲内に居る相手を縛り付け、土属性ダメージを与える。相手の移動速度を大きく低下させながら、一定時間ごとに土属性ダメージを与える。発動位置指定可能。","HPダメージ,特殊","ドールのレアリティが★4以上であること,パーティに葦原ミコが★4以上で参加している","ドールのレアリティが★5以上であること,パーティに葦原ミコが★4以上で参加している,装備「嘆命杖コキュートス」を★5以上で装備している"
"43","南ワカナ(ハロウィン)","MINAMI WAKANA","1","神本綾華","https://www.youtube.com/watch?v=EKtL4HM9jPE","誰かを甘やかすのが大好き。特に年下の可愛い女の子が好みで、よくコマリを甘やかしている。<br>補助から攻撃まで幅広く対応できるため、戦闘では何かと頼られる立場。しかし本人は頼られるのが好きなのでまんざらでもない。<br><br>科学技術、特に工学系の知識が豊富で、未知の技術に目が無い研究オタクでもある。<br>ロギオスに入ったのもゲート由来の様々な技術を学ぶためであり、<br>未知の技術を前にするとお姉さんキャラが崩れることもしばしば。","ブースター","火","3S,4S","火炎旋風,烈火扇撃,メガ・エクスプロージョン,ボルカノン,かまいたち,エアリアル・スピアー,ヘビー・クアッグマイア,パワーバッシュ,テンションアップ,ラピッドウインド,広域展開,HPアップ,MP消費ダウン,与ダメージアップ,物攻アップ,会心アップ,火属性攻撃力アップ,風属性攻撃力アップ,火属性耐性アップ,俊敏アップ",719,10000,758,36,35,628,530,899,609,537,771,"パンプキン・スタンプ","火","ジャック・オ ー ・ランタンを作り出し、勢いよく叩き割りなから火属性ダメージを与える。確率で、「受ける物理ダメージが上昇する状態」を、一定時間相手に付与する。","HPダメージ,デバフ","ドールのレアリティが★5以上であること,パーティにレン・ルォシーが★4以上で参加している","ドールのレアリティが★5以上であること,パーティにレン・ルォシーが★4以上で参加している,装備「滅牙槍アメントゥム」を★5以上で装備している"
"44","葦原ミコ(ハロウィン)","ASHIHARA MIKO","6","斉藤朱夏","https://www.youtube.com/watch?v=OqPHAFpE7c4","第六部隊のリーダー。機械いじりとハッキングが得意。<br>争いと面倒ごとを嫌う性格で事なかれ主義。基本的に上から命令されたことに従う。<br>第六部隊の隊員たちへの指示はほぼリオンに一任しているが、手柄を立てたい隊員達のために依頼を集める、何かトラブルが起きればその責任は必ず自分がとるようにする、などリーダーとしての役割は全うしている。<br>第六部隊の面々を後方で見守っている。","ストライカー","火","4SS","火炎旋風,烈火扇撃,メガ・エクスプロージョン,ボルカノン,業火・煉獄爆炎衝,かまいたち,風雅・穿孔飛燕翔,エアリアル・スピアー,ハードスラッシュ,粉砕の刃,ダウンフォース,HPアップ,与ダメージアップ,物攻アップ,火属性攻撃力アップ,風属性攻撃力アップ,物防アップ,火属性耐性アップ,風属性耐性アップ",950,10000,1029,79,82,885,732,780,764,403,497,"魔女のクリムゾンルージュ","火","火の元素を吸い込み、搶の先端に炎を蓄積する。強力な火属性ダメージを与える。やけど状態の相手にヒットした場、より大きなダメージを与える。相手をノックバックさせる。","HPダメージ,追撃","ドールのレアリティが★4以上であること,サポートドールに一文字リツが★4以上で参加している","ドールのレアリティが★5以上であること,サポートドールに一文字リツが★4以上で参加している,装備「裂塵斧クティノス」を★5以上で装備している"
"45","園咲ミヤコ(ハロウィン)","SONOZAKI MIYAKO","2","日高里菜","https://www.youtube.com/watch?v=9m5dIM02g6Q","医療、後方支援を行う第二部隊のリーダー。<br>気配り上手で明るく朗らかな性格をしている。<br><br>両親が孤児院を経営しており、孤児たちの里親を見つける目的でドールに志願した。<br>人を助けるためなら大概の無茶を厭わない。<br>大人なお姉さんに憧れているのだが、身長が低いため、隊員たちからはマスコットのように可愛がられている。","アルケミスト","雷","3S, 4S","キュアバリア, ホークアイ, クイックヒール, エナジーバレット, セレスティアル・ヒール, サンダーブレイド, サンダーレイン, 眠りのそよ風, ヒール, ライトニング・ジェミニ, ジェネシスサンダーボルト, MPアップ, 回魔アップ, 悪性状態異常耐性アップ, 風属性攻撃力アップ, HPアップ, 雷属性攻撃力アップ, 雷属性耐性アップ, 魔攻アップ",833,10000,71,431,445,623,628,943,704,465,587,"オバケのスイーツ☆ショー","雷","小さなお化けを召喚する。このお化けは味方にお菓子を投げ、ヒットした相手のHPを回復する。さらに一定時間、全属性攻撃力をアップさせる。","HP回復,強化状態付与","ドールのレアリティが★5以上であること,パーティに和泉ナナが★4以上で参加している","ドールのレアリティが★5以上であること,パーティに和泉ナナが★4以上で参加している,装備「断罪槌イモータルベイン」を★5以上で装備している"
"46","鳴海ナギサ(ハロウィン)","NARUMI NAGISA","3","三波春香","https://www.youtube.com/watch?v=9jyu4c6JdfQ","大冒険家を夢見る、好奇心旺盛な少女。<br><br>歴史的建造物の探索や廃墟巡りが趣味で、未知のものを求めてドールに志願した。<br><br>天真爛漫、好奇心の塊で何事もポジティブにとらえるムードメーカー。<br>楽しさが優先しすぎて先走りすぎることが多いのが玉に瑕だが、彼女の好奇心によって事態が打開することも多い。<br><br>廃墟探索などで数々の心霊現象を実体験しており、怪談話をさせると一級品。","ミスティック","雷","4SS","ナルカミ, サンダーレイン, フリーズ・クロス, ライトニング・ジェミニ, トルネード, 火炎旋風, 氷霜の妖精召喚, アイスニードル, ジェネシスサンダーボルト, ソウル・ブレイズアップ, ウォーターピラー, サンダーブレイド, 雷属性攻撃力アップ, 魔攻アップ, 会心アップ, HPアップ, 水属性耐性アップ, 魔防アップ, 与ダメージアップ, 雷属性耐性アップ",690,10000,82,1005,78,548,1092,840,708,458,625,"忍び寄るコウモリの恐怖","雷","闇夜を羽ばたくコウモリを呼び寄せる。コウモリの行く先に、雷属性ダメージを複数回与える。感電状態の相手にヒットした場合、より大きなダメージを与える。","HPダメージ,追撃","ドールのレアリティが★4以上であること,サポートドールに如月ナツハが★4以上で参加している","ドールのレアリティが★5以上であること,サポートドールに如月ナツハが★4以上で参加している,装備「禁詠杖ウロボロス」を★5以上で装備している"
"47","五代サナ(運動会)","GODAI SANA","5","伊駒ゆりえ","https://www.youtube.com/watch?v=nKt6B-JAfyI","第五部隊のリーダー。<br>何者でもない自分を変えて特別な何かになりたい、という理由でドールになった。<br>特別に憧れており、平凡を脱却するために突飛な行動を取ることがあるが、<br>その本質は友達思いで、みんなが暮らす世界を守りたいと考えている。<br>突然リーダーを務めることになってしまい、個性の強い同部隊の隊員たちをまとめることに難儀する一人の少女。","ミスティック","土","3S, 4S","ジェットストーム, スパイラル・ブーメラン, エナジーバレット, サモン・ゴーレム, ウインドブラスト, グングニル・グラベル, スタックマッド, バーナーウォール, サイクロン・マグネティカ, ソウル・ブレイズアップ, ガイアズ・エンレイジ, HPアップ, MPアップ, 命中アップ, スキル範囲拡大, 魔攻アップ, 風属性攻撃力アップ, 土属性攻撃力アップ, 魔防アップ",608,10000,71,937,71,492,1015,750,611,394,584,"掟破りの玉投げメテオ","土","指定した範囲内のランダムな位置にカラーボールを複数個落下させ、範囲土属性ダメージを与える。発動位置指定可能","HPダメージ","ドールのレアリティが★5以上であること,パーティに日高メイが★4以上で参加している","ドールのレアリティが★5以上であること,パーティに日高メイが★4以上で参加している,装備「粛清杖アスティーグ」を★5以上で装備している"
"48","本郷アズミ(運動会)","HONGO AZUMI","1","鈴木愛奈","https://www.youtube.com/watch?v=TY_VHpkAy0A","ロギオス内で最も高い実力をもつ、ドールの象徴的な存在。<br>大崩壊を「生き残ってしまった」ため、自身の命を使ってでも東京奪還をしなければいけないと考えている。<br>自己犠牲的で死を恐れない性格のため、仲間からは信頼されつつも心配されている。<br>好きなものは特撮ヒーロー。嫌いなものは叶わぬ夢ばかり語る人間。","ガーディアン","火","4SS","こっちこっち, 仁王立ち, 業火・煉獄爆炎衝, デブリスフロー・エッジ, アイアンクラッシュ, 烈火扇撃, スタンラッシュ, 火炎旋風, 剛盾・絶対障壁, 震動一閃, 神岩・玄武六方晶, HPアップ, 会心アップ, 被ダメージダウン, ヘイトアップ, 土属性攻撃力アップ, 物攻アップ, 命中アップ, 物防アップ",1453,10000,390,77,76,1255,1190,782,1235,191,348,"熱き龍魂の三三七拍子","火","斧を大きく振りかぶり、範囲火属性ダメージを与え、相手に高いヘイトを与える。同時に火龍を出現させ、自身を中心とした広範囲の味方にバリア、ためるを一定時間付与する。バリアの効果量は、付与されたキャラの最大HP16%分まで。","HPダメージ,強化状態付与","ドールのレアリティが★4以上であること,サポートドールに万丈ユウキが★4以上で参加している","ドールのレアリティが★5以上であること,サポートドールに万丈ユウキが★4以上で参加している,装備「屠龍剣ブネ」を★5以上で装備している"
"49","白波アマノ(クリスマス)","SHIRANAMI AMANO","4","新田恵海","https://www.youtube.com/watch?v=0iyhXooGmHY","超一流のエンターテイナーを目指すチャッカリ娘。<br><br>億万長者になるためならば努力を惜しまない。自分の可愛さを認めてもらい、大金をがっぽがっぽ稼ぐことが目的。<br>そのため、ライブの広報活動もドールとしての探索任務も手当てが支給される限り積極的に行う。<br>よく言えばとても前向きで仕事熱心。<br>同じチームの桜井ムツミとはセンターの座を競うライバル関係にある。","メディック","水","3S, 4S","ホークアイ, エナジーバレット, ヒール, キュアバリア, ヒールウインド, セレスティアル・ヒール, ファイアアロー, ルースレス・バースト, アイスニードル, フリーズ・クロス, フローズン・ノヴァ, HPアップ, MPアップ, 魔攻アップ, 回魔アップ, 命中アップ, 火属性攻撃力アップ, 水属性攻撃力アップ, 悪性状態異常耐性アップ",802,10000,151,279,676,705,736,914,636,178,602,"ホーリー・オーナメント","水","聖なるヒイラギの葉を発射する。この葉が味方に当たるとHPを回復する。また、敵に当たると水属性ダメージを与え、確率で一定時間移動速度を低下させる。発動方向は指定可能。","HP回復,HPダメージ","ドールのレアリティが★5以上であること,サポートドールに秋月ホタルが★4以上で参加している","ドールのレアリティが★5以上であること,サポートドールに秋月ホタルが★4以上で参加している,装備「癒精杖ブエル」を★5以上で装備している"
"50","天空寺メグミ(クリスマス)","TENKUJI MEGUMI","2","三森すずこ","https://www.youtube.com/watch?v=5asyYaYRwfc","規律と効率を重視する堅物。<br><br>人助けを生きがいとし、ドール入隊前から国内問わず様々なボランティアに参加していた。<br>夢は世界から戦争を根絶すること。<br>その夢のため、ゲート由来の未知の技術を擁するロギオスに漠然とした期待を持っている。<br><br>規律と効率を重視する性格で、部隊の雰囲気を引き締める立場。<br>任務となれば厳しいが、プライベートでは心優しく落ち着いた態度を見せる。","ミスティック","水","4SS","ソウル・ブレイズアップ, エナジーバレット, アイスニードル, フリーズ・クロス, フローズン・ノヴァ, ウォーターピラー, 絶対零度, グングニル・グラベル, ガイアズ・エンレイジ, ギャラクシーインパクト, サモン・ゴーレム, MPアップ, 魔攻アップ, 命中アップ, 水属性攻撃力アップ, 土属性攻撃力アップ, 水属性耐性アップ, 土属性耐性アップ, 与ダメージアップ",673,10000,82,1058,83,536,1125,776,702,429,639,"サンタのスノーボール","水","大きな雪玉を投げ、相手に水属性ダメージを与える。雪玉が当たる、もしくは一定距離飛ぶと雪玉が割れ、扇範囲にもう一度水属性ダメージを与えると同時に、確率で凍結状態を付与する。発動方向指定可能。","HPダメージ,状態異常付与","ドールのレアリティが★4以上であること,パーティに火野アヤが★4以上で参加している","ドールのレアリティが★5以上であること,パーティに火野アヤが★4以上で参加している,装備「粛清杖アスティーグ」を★5以上で装備している"
"51","結城コマリ(クリスマス)","YUKI KOMARI","1","和氣あず未","https://www.youtube.com/watch?v=QxccllvCf4M","能力と戦闘センスは天才的であり、他の第一部隊のメンバーと遜色のない実力を持っている。<br>経験や精神性が他メンバーより低いためピンチに陥ることもあるが、持ち前のセンスでどうにか切り抜けている。<br>承認欲求が強く、周囲に「褒めてアピール」をよくする。どんな時でも自分を褒めて甘やかしてくれるワカナが大好き。<br>願いは全てを手に入れること。漠然としたその願いを公言して憚らず、しかし実際その願いがどうすれば叶うのかは、本人もよくわかっていない。","エンチャンター","雷","3S, 4S","インスピレーション, オーバーソイル, ホークアイ, アイスニードル, フリーズ・クロス, 絶対零度, 氷霜の妖精召喚, サンダーレイン, ライトニング・ジェミニ, ナルカミ, 雷神・トールハンマー, MPアップ, 魔攻アップ, 魔防アップ, 命中アップ, 雷属性攻撃力アップ, 雷属性耐性アップ, スキル範囲拡大, 悪性状態異常耐性アップ",603,10000,68,767,68,530,948,935,637,555,587,"聖夜のジングルカーペット","雷","雷エネルギーを集めて落雷を発生させ、雷範囲属性ダメージを与える。確率で感電を付与する。発動方向指定可能。","HPダメージ,状態異常付与","ドールのレアリティが★5以上であること,パーティに葛葉ミリアが★4以上で参加している","ドールのレアリティが★5以上であること,パーティに葛葉ミリアが★4以上で参加している,装備「迅吟杖ダンタリオン」を★5以上で装備している"
"52","和泉ナナ(クリスマス)","IZUMI NANA","3","明坂聡美","https://www.youtube.com/watch?v=CqwRrfqFHZc","自己肯定感が低めの大人しい少女。<br><br>普段は他人に謝ってばかりなのだが、いざ任務となると無謀ともいえるほどに敵に突っ込んでいく。その姿はまるで死に急いでいるようにすら見える。<br><br>幼少期は今とは真逆の明るい性格をしていたらしいが……。<br>人から褒められたいと思っているが、実際に褒められるのは苦手。","ストライカー","雷","4SS","テンションアップ, 粉砕の刃, 精神統一, アイアンクラッシュ, エアリアル・スピアー, アトモスバレット, 風雅・穿孔飛燕翔, 雷撃連舞, 稲妻落とし, 轟雷・神鳴環, 金剛・龍旋雷牙, HPアップ, 物攻アップ, 会心アップ, 風属性攻撃力アップ, 雷属性攻撃力アップ, 雷属性耐性アップ, ヘイトアップ, 与ダメージアップ",922,10000,1100,78,81,830,699,802,774,410,475,"イウの夜に星となれ","雷","星を纏った薙ぎ払い攻撃を行い、範囲雷属性ダメージを与える。感電状態、或いは『受ける物理ダメージ減少状態』『受ける魔法ダメージ減少状態』のいずれかの状態異常である相手にヒットした場合、より大きなダメージを与える。","HPダメージ,追撃","ドールのレアリティが★4以上であること,パーティに結城コマリが★4以上で参加している","ドールのレアリティが★5以上であること,パーティに結城コマリが★4以上で参加している,装備「裂塵斧クティノス」を★5以上で装備している"
"53","風見コトハ(メイド)","KAZAMI KOTOHA","1","山一茉希","https://www.youtube.com/watch?v=6S_rdPd_Sp8","かなりの仕事人間であり、何事においても慎重に判断をする。<br>サポートに特化しており的確に仲間をアシストするが、あくまでも任務上のことしかしない。<br>そのことも相まって、ときたま薄情な人間だと思われたりもするが本人は気にしていない。<br>双子の姉であるスズハを世界一愛しており、その愛を邪魔する者は絶対に許さない。<br>スズハの幸福を願っており、入隊する際も「将来的に姉との幸せを保証してくれるのなら」という条件を提示した。","エンチャンター","風","4SS","眠りのそよ風, ウインドブラスト, ジェットストーム, ブラインド・ガーデン, スパイラル・ブーメラン, サンダーブレイド, ライトニング・ジェミニ, ナルカミ, ジェネシスサンダーボルト, エナジーバレット, オーバーソイル, 命中アップ, 俊敏アップ, 風属性攻撃力アップ, 魔攻アップ, 雷属性攻撃力アップ, 風属性耐性アップ, 雷属性耐性アップ, スキル範囲拡大","","","","","","","","","","","","清掃を開始します","風","指定した位置に、風エネルギーを吸い込む柱を生成する。この柱は一定時間ごとに敵を引き寄せ、その後一定範囲にウェーブ攻撃を放つ。ウェーブがヒットした相手は、確率で「受ける物理&魔法ダメージが上昇する状態」が付与される。発動位置指定可能。","HPダメージ,状態異常付与,特殊","",""
"54","風見スズハ(メイド)","KAZAMI SUZUHA","1","石見舞菜香","https://www.youtube.com/watch?v=fUF8nXNDVbE","妹と同じく仕事人間であり、任務を遂行するためならば率先して行動する。<br>戦闘能力は高く、どんなこともそつなくこなすが何かと無理をしがち。それも相まって仲間からはたまに心配される。<br>双子の妹であるコトハの幸福を願っており、あまり周囲と馴染もうとしない彼女のために裏で頑張っている。<br>コトハは慎重派、スズハは行動派と相反する属性を持っているが連携はロギオス随一。<br>入隊する際はコトハを追う形で参加した。願いは「妹の幸福を保証して欲しい」であった。","ストライカー","風","3S, 4S","風雅・穿孔飛燕翔, アトモスバレット, かまいたち, デブリスフロー・エッジ, 震動一閃, ヘビー・クアッグマイア, 粉砕の刃, ダウンフォース, パワーバッシュ, 広域展開, テンションアップ, HPアップ, 物攻アップ, 与ダメージアップ, 風属性攻撃力アップ, 風属性耐性アップ, 悪性状態異常耐性アップ, 雷属性耐性アップ, 土属性攻撃力アップ","","","","","","","","","","","","メイド・イン・ヘブン","風","素早く移動しながら相手に風属性ダメージを与える。移動した直後、範囲風属性ダメージを与える。睡眠状態の相手にヒットした場合、より大きなダメージを与える。発動方向指定可能。","HPダメージ,追撃","ドールのレアリティが★5以上であること,パーティに五代サナが★4以上で参加している","ドールのレアリティが★5以上であること,パーティに五代サナが★4以上で参加している,装備「裂塵斧クティノス」を★5以上で装備している"
"55","五代サナ(正月)","GODAI SANA","5","伊駒ゆりえ","https://www.youtube.com/watch?v=nKt6B-JAfyI","第五部隊のリーダー。<br>何者でもない自分を変えて特別な何かになりたい、という理由でドールになった。<br>特別に憧れており、平凡を脱却するために突飛な行動を取ることがあるが、<br>その本質は友達思いで、みんなが暮らす世界を守りたいと考えている。<br>突然リーダーを務めることになってしまい、個性の強い同部隊の隊員たちをまとめることに難儀する一人の少女。","ミスティック","火","4SS","ファイアアロー,ルースレス・バースト,メテオストーム,猛炎・火竜召喚,スタックマッド,サンダーブレイド,ジェネシスサンダーボルト,雷神・トールハンマー,エナジーバレット,ソウル・ブレイズアップ,ホークアイ,MPアップ,魔攻アップ,魔防アップ,火属性攻撃力アップ,雷属性攻撃力アップ,火属性耐性アップ,与ダメージアップ,スキル範囲拡大",666,10000,86,964,76,520,1166,810,708,469,681," 轟雷炎舞の乱れ独楽 ","火","前方にひもを振り投げ、雷属性範囲ダメージを与える。同時に、自身の周囲に燃え盛るコマを一定時間発生させ、範囲火属性ダメージを与える。火傷、または毒状態の相手にヒットした場合、より大きなダメージを与える。","HPダメージ,追撃","ドールのレアリティが★4以上であること,パーティに南ワカナが★4以上で参加している","ドールのレアリティが★5以上であること,パーティに南ワカナが★4以上で参加している,装備「粛清杖アスティーグ」を★5以上で装備している"
"56","火野アヤ(正月)","HINO AYA","2","大橋海咲","https://www.youtube.com/watch?v=v86WDGqlxfI","仲間を守るため最前線に身を置く、特撮ヒーローが大好きな熱血少女。<br><br>故郷である東京を取り戻すためにドールに志願した。常に前向きで不屈の精神をもっている。<br>色々とネジが外れがちな第二部隊の中で正論を吐いてくれる貴重な存在。<br><br>医療を専門とする第二部隊に所属しながら、医療知識に乏しい彼女は、部隊を前線に運ぶための盾の役割を果たす。","エンチャンター","火","4SS","ファイアアロー,ルースレス・バースト,バーナーウォール,メテオストーム,フレイムピラー,グングニル・グラベル,ガイアズ・エンレイジ,スタックマッド,トルネード,エナジーバレット,オーバーソイル,魔攻アップ,魔防アップ,命中アップ,火属性攻撃力アップ,土属性攻撃力アップ,火属性耐性アップ,与ダメージアップ,スキル範囲拡大",638,10000,78,879,77,601,914,1282,675,624,626,"爆裂！紅蓮の新春烈破！","火","羽突きの羽を2回射出し、火属性ダメージを与える。ヒットした相手に確率で毒、火傷を一定時間付与する。それぞれの状態ごとに、4秒ごとに1回、最大HPの1%分のダメージを与える。最大で10,000ダメージまで。発動方向指定可能。","HPダメージ,状態異常付与","ドールのレアリティが★4以上であること,サポートドールに結城コマリが★4以上で参加している","ドールのレアリティが★5以上であること,サポートドールに結城コマリが★4以上で参加している,装備「嘆命杖コキュートス」を★5以上で装備している"
"57","月読ルナ(正月)","TSUKUYOMI LUNA","3","青山吉能","https://www.youtube.com/watch?v=j6l08e56qEc","明るくほがらか、そしてめんどくさがり屋な第三部隊のリーダー。<br>任務では統率力を発揮する一方で、生活能力はゼロ。ドール部隊に入る前は三食カップ麺で過ごし、汚部屋に住んでいた。<br>現在は、フウカのお世話のおかげでなんとかまともな生活を送ることができている。<br>思考・行動の判断基準が常人とは異なっており、第一部隊でさえ攻略が難しい危険なエリアから、数多くの有益な情報を持ち帰ってきている。","ブースター","火","3S, 4S","ボルカノン,烈火扇撃,メガ・エクスプロージョン,雷撃連舞,ブリッツシュラーク・ハイ,轟雷・神鳴環,パワーバッシュ,テンションアップ,ラピッドウインド,広域展開,精神統一,HPアップ,物攻アップ,会心アップ,俊敏アップ,火属性攻撃力アップ,雷属性攻撃力アップ,与ダメージアップ,被ダメージダウン",692,11500,782,35,35,649,540,908,602,557,700," ふわり梅咲く、月の宴かな ","火","槍を振り下ろし、火属性範囲ダメージを与える。同範囲に居る味方には、物攻、全属性攻撃力(相手の弱点属性を突いた時のみ)が上昇する効果を一定時間付与する。発動方向指定可能。","HPダメージ,バフ","ドールのレアリティが★5以上であること,パーティに鳴海ナギサが★4以上で参加している","ドールのレアリティが★5以上であること,パーティに鳴海ナギサが★4以上で参加している,装備「奪命槍プレデターランス」を★5以上で装備している"